keyword,text,link
Smartphone,iPhone | Apple,www.apple.com/de
Smartphone,Neues Smartphone gesucht? | Hier geht's zum Testsieger,www.telekom.de/smartphones
Beutel bedrucken,Beutel bedrucken | Ihre Werbeartikel hier im Shop | giffits.de,www.giffits.de/Beutel/Bedrucken
Beutel bedrucken,Stoffbeutel bedrucken | 500.000 Motive zur Auswahl | spreadshirt.de,www.spreadshirt.de/
Beutel bedrucken,"Umhängetasche selber gestalten | Mit eigenem Text, Motiv & Foto",www.shirtlabor.de/
Beutel bedrucken,"Jutebeutel oder PP-Taschen, wir bedrucken alles bei Cottonbagjoe.de",www.cottonbagjoe.de/
Beutel bedrucken,Hochwertige Stoffbeutel | Auf Wunsch auch bedruckt,www.kronos-packaging.de/Stoffbeutel
Beutel bedrucken,Beutel Bedrucken mit Druck | hochwertig und in Kleinmengen,www.tragetaschenmarkt.de/
Beutel bedrucken,100% Baumwoll-Beutel bedrucken | Ab 25 Stk. - Günstige Preise,www.cantana.com/
Ads,ADS bei Erwachsenen | Die unerkannte Krankheit,www.adhs-ratgeber.com/
Ads,Ads | Google-Ads-Hilfe | aktiv-online.net,www.aktiv-online.net/
